listing,price_in_usd,vendor,origin,destination,drug category,type of product,description,num_feedback,average_ rating
"46,5 % THC CANNABIS E-JUICE / E-LIQUID / HQ",56,wochris,Spain,worldwide,cannabis,eliquid,"Welcome to Wochris Shop,

where you only get the highest quality always.

PLEASE BE SURE THAT YOU READ OUR TERMS AND CONDITIONS , REFUND POLICY BEFORE PLACE AN ORDER.

WE PRODUCE ALL OF OUR PRODUCTS WITH LOVE AND PASSION - WE USE ONLY NATURAL INGREDIENTS.

When buying from us you will only receive top quality Products.

We sell only perfectly grown and cured, beautiful potent Marijuana, no medium or low quality.

All medical products have been developed with the help of local physicians and/or veterinarians.

Our Products ALWAYS were tested before start selling.

Our stealth is always up to date,

because we use chamber vacuum machines, then it comes in a

anti-xray bag and this then comes in a neutral air cushion envelope which is decorated with printed stickersÄ. of course

the envelope also has a fake sender on the back.",25,3.2
1 GRAM THC Disposable Vape Pen HASH STRAWBERRY FLAVOR,10,vapestore,US,worldwide,cannabis,vape pen,"This listing is for 1 pre-filled disposable Vape Pen containing our special and strong THC Hash Juice with STRAWBERRY Flavor.

The juice in this pen contains no fruit or any other flavor just pure Hash taste :-)

Enjoy smoking your favorite HASH in public!

1 Vape Pen is good for 150-200 puffs!",0,0
? AK-47 Vape Juice! ?,82,ozvape,Australia,worldwide,Synthetic cannabinoid,eliquid,"AK-Blue is here!

?High quality! High Strength! ?

?Best juice on the market! Real deal THC infused vape E juice ?

?Only the highest quality medical grade ingredients and equipment used ?

?Latest batch –AK-BLUE” beautifully flavored blueberry, produced from AK-47 strain ?

?FREE EXPRESS POST TWICE DAILY WITHIN AUSTRALIA ?

?100% reship of items that donêt make it to your door ?

? WARNING We advise diluting juice to at least 50?50 with any flavor or PG-VG mix of your choice before vaping, this is very strong vape juice and should be vaped with caution.",1,5
STRONG THC E-LIQUID VAPE,21,thcliquid24,Germany,worldwide,cannabis,eliquid,"We are offering our –Strong THC Liquid E-Liquid” handmade by THCLiquid24

This e-liquid contains 20% of pure THC

Good taste and very strong high!

No smells! So you can smoke/vape this everywhere and stay anonymous!

You can vape this eliquid with all electronic cigarettes/vaping devicesin the world.

Its without any waxes or other nasty particles that donêt belong in there and itês been triple strained.

Premium Quality.

Very strong high.

Out of 2g medicinal cannabis buds.",3,4.5
Gorilla Glue / E-liquid / BHO shatter,183,treborcannabis,UK,UK,cannabis,concentrate,"2ML,5ML & 10ML options for the finest , tastiest shatter BHO vape juice anywhere! Trebor",6,5
Gorilla Glue / E-liquid / BHO shatter,42,treborcannabis,UK,UK,cannabis,concentrate,"2ML,5ML & 10ML options for the finest , tastiest shatter BHO vape juice anywhere! Trebor",6,5
THC VAPE JUICE (FOR E-PENS / VAPES),250,vapestore,US,worldwide,cannabis,eliquid,"LAVORS AVAILABLE: GELATO STRAWBERRY SHORT CAKE SUPERLEMON HAZE DURBAN POISON ZKITTLES BANANA KUSH

This solution is designed for use with vaporizers and e-pens. Can be taken orally if desired. Approximately 75% pure THC by volume.",0,0
THC - CDB VAPE LIQUID ***DUTCH DELIGHT** TOP PRODUCT !,45,bel_kartel,worldwide,worldwide,cannabis,eliquid,"This listing will give you our own home made THC E-Liquid from the best strains. Mostly we use a mix between OG KUSH - GORILLA GLUE #4

You need to fill up your tank by yourself. We donêt sell prefilled cartdridges as this is not good in our opinion ( cheap coils gives problems to good mods ! )

Please mention in order for what kind of use we have cdb and thc juice !",0,0
VARIETY PACK - 3 X Cannabis Vape Oil | 50% THC | Choose your stain!,135,akindercare,US,US,cannabis,eliquid,"DURBAN POISON (sativa) - KING LOUIS XIII (indica) - STRAWBERRY COUGH (sativa) - HEADBAND (hybrid)

Mix and match any 3 of our rotating supply of available strains. Donêt see something youêd like? Ask

Slow brewed. Our products are prepared in small batches with great love and care using A grade, high-quality Cannabis concentrate (shatter/wax) and our own custom blend of e-liquid.

Brewed on extremely low heat over the course of days and filtered over and over and over again, we challenge you to find a cleaner more effective cannabis cloud on the market as affordable as ours.

We go to great lengths to ensure the plants original terpene profiles are preserved during the brew process.

Item is heat activated having been thoroughly decarboxylated (twice)",0,0
VARIETY PACK - 3 X Cannabis Vape Oil | 75% THC | Choose your strains!,190,akindercare,US,US,cannabis,eliquid,"CHOOSE YOUR STRAINS -

ALASKAN THUNDER F*CK (sativa) - AGENT ORANGE (hybrid) - PLATINUM OG (indica) - DURBAN POISON (sativa)

Mix and match any 3 of our rotating supply of available strains. Donêt see something youêd like? Ask

Slow brewed. Our products are prepared in small batches with great love and care using A grade, high-quality Cannabis concentrate (shatter/wax) and our own custom blend of e-liquid.

Brewed on extremely low heat over the course of days and filtered over and over and over again, we challenge you to find a cleaner more effective cannabis cloud on the market as affordable as ours.

We go to great lengths to ensure the plants original terpene profiles are preserved during the brew process.

Item is heat activated having been thoroughly decarboxylated (twice)",1,5
75% THC | ALASKAN THUNDER FUCK Cannabis Vape Oil,70,akindercare,US,US,cannabis,eliquid,"STRAIN: ALASKAN THUNDER FUCK | [90% Sativa / 10% Indica] | [sativa]

ATTRIBUTES: relaxed, happy, tingly, euphoric, energetic

MEDICAL BENEFITS: pain, depression, stress, naseau, depression

Slow brewed. Our products are prepared in small batches with great love and care using A grade, high-quality Cannabis concentrate (shatter/wax) and our own custom blend of e-liquid.

Brewed on extremely low heat over the course of days and filtered over and over and over again, we challenge you to find a cleaner more effective cannabis cloud on the market as affordable as ours.

We go to great lengths to ensure the plants original terpene profiles are preserved during the brew process.

Item is heat activated having been thoroughly decarboxylated (twice)",2,5
75% THC | DURBAN POISON Cannabis Vape Oil,70,akindercare,US,US,cannabis,eliquid,"STRAIN: DURBAN POISON | [90% Sativa / 10% Indica] | [Sativa]

ATTRIBUTES: energetic, uplifted, happy

MEDICAL BENEFITS: stress, depression, anxiety

Slow brewed. Our products are prepared in small batches with great love and care using A grade, high-quality Cannabis concentrate (shatter/wax) and our own custom blend of e-liquid.

Brewed on extremely low heat over the course of days and filtered over and over and over again, we challenge you to find a cleaner more effective cannabis cloud on the market as affordable as ours.

We go to great lengths to ensure the plants original terpene profiles are preserved during the brew process.

Item is heat activated having been thoroughly decarboxylated (twice)

DISCLAIMER: No Vitamin E Oil (acetate) or similarly oil thickners are used in the production of our cannabis vaporizer juice.

Our cannabis vaporizer oils are intended for use with standard e-liquid vaporizer pens, tanks and devices.

For an optimum experience and flavor, oil is best heated using 4.2 volt(s) battery or device.

Package includes dropper top for easy transfer and refills of your 510 thread cartridges, tanks and pens.

ããããããããã_

DURBAN POISON This pure sativa originates from the South African port city of Durban. It has gained popularity worldwide for its sweet smell and energetic, uplifting effects. Durban Poison is the perfect strain to help you stay productive through a busy day, when exploring the outdoors, or to lend a spark of creativity.",0,0
DURBAN POISON Cannabis Vape Oil | 50% THC,45,akindercare,US,US,cannabis,eliquid,"STRAIN: DURBAN POISON | [90% Sativa / 10% Indica] | [Sativa]

ATTRIBUTES: energetic, uplifted, happy

MEDICAL BENEFITS: stress, depression, anxiety

Slow brewed. Our products are prepared in small batches with great love and care using A grade, high-quality Cannabis concentrate (shatter/wax) and our own custom blend of e-liquid.

Brewed on extremely low heat over the course of days and filtered over and over and over again, we challenge you to find a cleaner more effective cannabis cloud on the market as affordable as ours.

We go to great lengths to ensure the plants original terpene profiles are preserved during the brew process.

Item is heat activated having been thoroughly decarboxylated (twice)

DISCLAIMER: No Vitamin E Oil (acetate) or similarly oil thickners are used in the production of our cannabis vaporizer juice.

Our cannabis vaporizer oils are intended for use with standard e-liquid vaporizer pens, tanks and devices.

For an optimum experience and flavor, oil is best heated using 4.2 volt(s) battery or device.

Package includes dropper top for easy transfer and refills of your 510 thread cartridges, tanks and pens.

ããããããããã_

DURBAN POISON This pure sativa originates from the South African port city of Durban. It has gained popularity worldwide for its sweet smell and energetic, uplifting effects. Durban Poison is the perfect strain to help you stay productive through a busy day, when exploring the outdoors, or to lend a spark of creativity.",9,5
STRAWBERRY COUGH Cannabis Vape Oil | 50% THC,45,akindercare,US,US,Synthetic cannabinoid,eliquid,"STRAIN: STRAWBERRY COUGH | [80% Sativa / 20% Indica] | [sativa]

ATTRIBUTES: relaxed, euphoric, happy, uplifted, energetic

MEDICAL BENEFITS: pain, depression, stress, headaches, fatigue

Slow brewed. Our products are prepared in small batches with great love and care using A grade, high-quality Cannabis concentrate (shatter/wax) and our own custom blend of e-liquid.

Brewed on extremely low heat over the course of days and filtered over and over and over again, we challenge you to find a cleaner more effective cannabis cloud on the market as affordable as ours.

We go to great lengths to ensure the plants original terpene profiles are preserved during the brew process.

Item is heat activated having been thoroughly decarboxylated (twice)

DISCLAIMER: No Vitamin E Oil (acetate) or similarly oil thickners are used in the production of our cannabis vaporizer juice.

Our cannabis vaporizer oils are intended for use with standard e-liquid vaporizer pens, tanks and devices.

For an optimum experience and flavor, oil is best heated using 4.2 volt(s) battery or device.

Package includes dropper top for easy transfer and refills of your 510 thread cartridges, tanks and pens.

STRAIN: Strawberry Cough [Sativa]

Known for its sweet smell of fresh strawberries and an expanding sensation that can make even the most seasoned consumer cough, Strawberry Cough is a potent strain with mysterious genetic origins. The skunky, berry flavors will capture your senses while the cerebral, uplifting effects provide an aura of euphoria that is sure to leave a smile on your face.",0,0
75% THC | AGENT ORANGE Cannabis Vape Oil,70,akindercare,US,US,cannabis,eliquid,"STRAIN: AGENT ORANGE | [70% Sativa / 30% Indica] | [hybrid]

EFFECTS: happy, uplifted, energetic, creative, relaxed

MEDICAL: depression, stress, pain, headaches, fatigue

Slow brewed. Our products are prepared in small batches with great love and care using A grade, high-quality Cannabis concentrate (shatter/wax) and our own custom blend of e-liquid.

Brewed on extremely low heat over the course of days and filtered over and over and over again, we challenge you to find a cleaner more effective cannabis cloud on the market as affordable as ours.

We go to great lengths to ensure the plants original terpene profiles are preserved during the brew process.

Item is heat activated having been thoroughly decarboxylated (twice)

DISCLAIMER: No Vitamin E Oil (acetate) or similarly oil thickners are used in the production of our cannabis vaporizer juice.

Our cannabis vaporizer oils are intended for use with standard e-liquid vaporizer pens, tanks and devices.

For an optimum experience and flavor, oil is best heated using 4.2 volt(s) battery or device.

Package includes dropper top for easy transfer and refills of your 510 thread cartridges, tanks and pens.

AGENT ORANGE [hybrid] A well-balanced hybrid that combines the smooth Orange Velvet with the bold Jack the Ripper, Agent Orange will capture your senses. Wonderful smells of oranges and fresh-cut citrus fruit will entice you immediately, while the pigments of deep maroon and purple will make this bud stand out in a sea of green. The effects are uplifting and motivating, serving as a great mood enhancer if you are feeling lethargic or depressed.",2,5
HEADBAND Cannabis Vape Oil | 50% THC,45,akindercare,US,US,cannabis,eliquid,"STRAIN: HEADBAND | [55% Indica /45% Sativa] | [hybrid]

ATTRIBUTES: relaxed, happy, euphoric, uplifted, creative

MEDICAL BENEFITS: stress, anxiety, depression, pain, insomnia

Slow brewed. Our products are prepared in small batches with great love and care using A grade, high-quality Cannabis concentrate (shatter/wax) and our own custom blend of e-liquid.

Brewed on extremely low heat over the course of days and filtered over and over and over again, we challenge you to find a cleaner more effective cannabis cloud on the market as affordable as ours.

We go to great lengths to ensure the plants original terpene profiles are preserved during the brew process.

Item is heat activated having been thoroughly decarboxylated (twice)

DISCLAIMER: No Vitamin E Oil (acetate) or similarly oil thickners are used in the production of our cannabis vaporizer juice.

Our cannabis vaporizer oils are intended for use with standard e-liquid vaporizer pens, tanks and devices.

For an optimum experience and flavor, oil is best heated using 4.2 volt(s) battery or device.

Package includes dropper top for easy transfer and refills of your 510 thread cartridges, tanks and pens.

ããããããããã_

HEADBAND [Hybrid] -

Meet Headband, the love-child of cannabisê power couple, OG Kush and Sour Diesel. The smooth, creamy smoke is accented by flavors of lemons and diesel while the long-lasting effects are great for pain relief, helping you to relax, and to combat elevated stress levels. Many report that the effects create a slight pressure around the crown of their head and feels as though they are wearing a headband. The effects have been known to come on slow, so pace yourself with this potent hybrid.",0,0
KING LOUIS XIII Cannabis Vape Oil | 50% THC,45,akindercare,US,US,cannabis,eliquid,"STRAIN: KING LOUIS XIII | [50% Sativa / 50% Indica] | [hybrid]

ATTRIBUTES: relaxed, sleepy, happy, euphoric, hungry

MEDICAL BENEFITS: insomnia, stress, pain, depression, appetite

Slow brewed. Our products are prepared in small batches with great love and care using A grade, high-quality Cannabis concentrate (shatter/wax) and our own custom blend of e-liquid.

Brewed on extremely low heat over the course of days and filtered over and over and over again, we challenge you to find a cleaner more effective cannabis cloud on the market as affordable as ours.

We go to great lengths to ensure the plants original terpene profiles are preserved during the brew process.

Item is heat activated having been thoroughly decarboxylated (twice)

DISCLAIMER: No Vitamin E Oil (acetate) or similarly oil thickners are used in the production of our cannabis vaporizer juice.

Our cannabis vaporizer oils are intended for use with standard e-liquid vaporizer pens, tanks and devices.

For an optimum experience and flavor, oil is best heated using 4.2 volt(s) battery or device.

Package includes dropper top for easy transfer and refills of your 510 thread cartridges, tanks and pens.

KING LOUIS XIII King Louis XIII might be most famous for making wigs on men de rigeur for the French aristocracy, but in Southern California the name will bring to mind a popular indica-dominant strain. This strain announces itself as many people did in the 1600s: by its smell. The difference is this monarchs odor is one thats meant to be enjoyed. Bred in part from OG Kush, Louis XIII has a very similar spicy kush aroma. Good for insomnia",2,5
75% THC | NORTHERN LIGHTS #5 Cannabis Vape Oil,70,akindercare,US,US,cannabis,eliquid,"STRAIN: NORTHERN LIGHTS #5 | [95% Indica / 5% Sativa] | [indica]

ATTRIBUTES: relaxed, happy, euphoric, sleepy, uplifted

MEDICAL BENEFITS: stress, pain, anxiety, insomnia, depression

Slow brewed. Our products are prepared in small batches with great love and care using A grade, high-quality Cannabis concentrate (shatter/wax) and our own custom blend of e-liquid.

Brewed on extremely low heat over the course of days and filtered over and over and over again, we challenge you to find a cleaner more effective cannabis cloud on the market as affordable as ours.

We go to great lengths to ensure the plants original terpene profiles are preserved during the brew process.

Item is heat activated having been thoroughly decarboxylated (twice)

DISCLAIMER: No Vitamin E Oil (acetate) or similarly oil thickners are used in the production of our cannabis vaporizer juice.

Our cannabis vaporizer oils are intended for use with standard e-liquid vaporizer pens, tanks and devices.

For an optimum experience and flavor, oil is best heated using 4.2 volt(s) battery or device.

Package includes dropper top for easy transfer and refills of your 510 thread cartridges, tanks and pens.

-??NORTHERN LIGHTS #5??-

A descendant of indigenous Afghani and Thai landrace strains, Northern Lights has given rise to famous hybrids like Shiva Skunk and Super Silver Haze.

Pungently sweet, spicy aromas radiate from the crystal-coated buds, which sometimes reveal themselves in hues of purple. Northern Lightsê psychoactive effects settle in firmly throughout the body, relaxing muscles and pacifying the mind in dreamy euphoria. Comfortable laziness allows patients to relieve pain and sleeplessness, while its mellow contentment roots out depression and stress.",4,5
75% THC | LEMON DIESEL Cannabis Vape Oil,70,akindercare,US,US,cannabis,eliquid,"STRAIN: LEMON DIESEL | [50% Sativa / 50% Indica] | [hybrid]

ATTRIBUTES: relaxed, happy, euphoric, energetic, uplifted

MEDICAL BENEFITS: stress, depression, pain, headaches, anxiety

Slow brewed. Our products are prepared in small batches with great love and care using A grade, high-quality Cannabis concentrate (shatter/wax) and our own custom blend of e-liquid.

Brewed on extremely low heat over the course of days and filtered over and over and over again, we challenge you to find a cleaner more effective cannabis cloud on the market as affordable as ours.

We go to great lengths to ensure the plants original terpene profiles are preserved during the brew process.

Item is heat activated having been thoroughly decarboxylated (twice)

DISCLAIMER: No Vitamin E Oil (acetate) or similarly oil thickners are used in the production of our cannabis vaporizer juice.

Our cannabis vaporizer oils are intended for use with standard e-liquid vaporizer pens, tanks and devices.

For an optimum experience and flavor, oil is best heated using 4.2 volt(s) battery or device.

Package includes dropper top for easy transfer and refills of your 510 thread cartridges, tanks and pens.

LEMON DIESEL [Hybrid]

Bred from the Lost Coast OG and California Sour strains, as smelling fruity and sweet, with a hint of a skunk. The smell and flavor have been likened to citrus and pepper, with effects that can –sneak up” on its consumer.

The Lost Coast OG in the genetics brings a euphoric spaciness that starts in the head and eventually provides a nice body buzz as well.

Overall, the Lemon Diesel strain is considered a fast-acting and full-bodied hybrid, making it ideal for patients suffering from chronic aches and pain, migraines, and inflammation.",4,5
**STIIZY VAPE PEN pre-loaded cannabis oil vape cartridges ***,350,vapestore,US,worldwide,cannabis,vape pen,"Dank Vape Full Gram Cartridges. When it comes to ease of use, portability, and functionality, one cannabis product stands tall above the rest, that is the Dank Vape Cartridge.You may know them as pre-loaded cannabis oil vape cartridges, hash oil vape pens, or even disposable wax pens.",0,0
**STIIZY VAPE PEN pre-loaded cannabis oil vape cartridges ***,15,vapestore,US,US,cannabis,vape pen,"Dank Vape Full Gram Cartridges. When it comes to ease of use, portability, and functionality, one cannabis product stands tall above the rest, that is the Dank Vape Cartridge.You may know them as pre-loaded cannabis oil vape cartridges, hash oil vape pens, or even disposable wax pens.",0,0
***HEAVY HITTERS DANK VAPE CARTRIDGES***,350,vapestore,US,US,cannabis,cartridge,"Dank Vape Full Gram Cartridges. When it comes to ease of use, portability, and functionality, one cannabis product stands tall above the rest, that is the Dank Vape Cartridge.You may know them as pre-loaded cannabis oil vape cartridges, hash oil vape pens, or even disposable wax pens.",0,0
***Moon Rock Celear Vape cartridges***,300,vapestore,US,US,Synthetic cannabinoid,cartridge,"Dank Vape Full Gram Cartridges. When it comes to ease of use, portability, and functionality, one cannabis product stands tall above the rest, that is the Dank Vape Cartridge.You may know them as pre-loaded cannabis oil vape cartridges, hash oil vape pens, or even disposable wax pens.",0,0
*** Supreme Cartridges***,300,vapestore,US,US,cannabis,cartridge,"Dank Vape Full Gram Cartridges. When it comes to ease of use, portability, and functionality, one cannabis product stands tall above the rest, that is the Dank Vape Cartridge.You may know them as pre-loaded cannabis oil vape cartridges, hash oil vape pens, or even disposable wax pens.",0,0
***FIRE OG MARIO CARTRIDGES ***,270,vapestore,US,US,cannabis,cartridge,"Dank Vape Full Gram Cartridges. When it comes to ease of use, portability, and functionality, one cannabis product stands tall above the rest, that is the Dank Vape Cartridge.You may know them as pre-loaded cannabis oil vape cartridges, hash oil vape pens, or even disposable wax pens.",0,0
MJ CBD VAPE PEN 200MG STRAWBERRY LEMONADE,300,mary-jane,US,worldwide,cannabis,vape pen,"Get into summer mode with this strawberry lemonade flavored CBD vape pen. This fruity blast of deliciousness is just what you need to get the feeling of summer no matter what time of year it is.

Portable and disposable, this vape pen is perfect for the on-the-go vaper. The pen fits nicely in the palm of your hand and is incredibly pocket-friendly and durable. So whether youêre at the beach or headed out for the night, this vape pen can go wherever you do.

In addition to portability and delicious strawberry flavoring, this vape pen contains high-quality CBD that will have you experience the many benefits of CBD in no time flat. This portable vape pen can help you experience the many benefits of CBD. Talk about getting the most bang for your buck!

Lastly, besides being made with natural and safe ingredients and tasty flavoring, this vape pen is also incredibly easy to use. Itês user-friendly and ready to go as soon as you open the box. Order yours now!",0,0
MJ CBD VAPE PEN 200MG GRAND DADDY PURP,300,mary-jane,US,worldwide,cannabis,vape pen,"If youêre looking for a simple and easy way to relax that also happens to include a berry blast of fruity freshness then youêre in luck! Introducing the Grand Daddy Purp vape pen that will leave your taste buds singing with satisfaction.

Strawberry, raspberry, and blueberry flavors mingle in your mouth when you use this disposable vape pen. Delicious and tasty, this vape pen is perfect for anyone who is a flavor chaser and likes to add a little fruity sweetness to their vaping experience.

This vape pen is also perfect for people who are on the go and value being discreet. The portable pen is durable and fits nicely in your pocket or backpack so you can take it wherever you go, and itês small enough that most people wonêt even notice you have it.

Made with high-quality and natural ingredients, this Gran Daddy vape pen is also completely safe for you to use. Not to mention, the pen is also very simple and easy to use, so you wonêt have to read a laundry list of instructions to get it to work. Just take it out of the box, press the button and youêre ready to go. Fast, simple and easy.",0,0
Cannabis Vape Pens and Cartridges,200,vapestore,US,worldwide,cannabis,multiple,"Got Vape pens, King pens, knuckle Brass",0,0
KING PEN VAPE CARTRIDGES free shipping,300,mary-jane,US,worldwide,unspecified,cartridge,KING PEN VAPE CARTRIDGES free shipping,0,0
"1x **BRAND NEW** 1g Cookies High Flyer Cart, Various Flavours",40,thcdoctor42,US,worldwide,cannabis,cartridge,"BRAND NEW

Now available are these 1g Cookie High Flyers vape carts. These vape carts are filled with premium triple distilled Distillate These premium ceramic 1g vape carts have a 510 battery thread and come in a variety of smooth flavours ncluding: London Pound Cake Gelato Cereal Milk Lemoncello Gushers",0,0
**** LAB TESTED full gram kingpen VAPE CARTRIDGES****,300,vapestore,US,worldwide,cannabis,vape pen,ALREADY KNOW THIS AVAILABLE WITH MULTIPLE FLAVORS LAB TESTED full gram kingpen VAPE CARTRIDGES.,0,0
100 dank vape for $650 Top Quality AUCTION RATE AS FROM NOW TO 1st NOVEMBER GET YOURS NOW,650,mary-jane,US,worldwide,cannabis,cartridge,100 dank vape for $650 Top Quality AUCTION RATE AS FROM NOW TO 1st NOVEMBER GET YOURS NOW,1,5
1g Dank Vapes Carts,180,exoticpacks,US,US,cannabis,cartridge,"Have you been looking for the best dank carts at very affordable prices? Look no further our dank carts shop is here for you with dank vape cartridgesÄ Dank Vapes cartridges like other vape cartridges is made by the makers Dankwoods. Due to highly sold fake dank vapes, itês hard to get real dank vapes. Just be very careful where u get them from.",0,0
VAPE/Zkittlez flavor,15,alphajack420,US,US,cannabis,cartridge,70%THC 0.5G Cartridge only.,0,0
Brass Knuckles Vape Cartridge 1000mg (Free Shipping),50,waxthtazz,US,US,cannabis,cartridge,Brass Knuckle carts for the low!!!!,0,0
HEAVY HITTERS DANK VAPE CARTRIDGES BEST TOPSHELF QULITY,200,mary-jane,US,worldwide,cannabis,cartridge,fast shipping,0,0
"0.25mg Distillate, No battery needed. 16 New Flavours Now Available!!",100,thcdoctor42,US,worldwide,cannabis,vape pen,"New to the market are these Cookies, 0.25mg THC Distillate vape pens. A disposable vape pen filled with the best Delta 9 95% THC and .084% CBD oil that goes into all The THC Doctors vape products and edibles. We import the RAW product from a distillery in California, we import the best Delta 9 THC Distillate that we have had the pleasure to come across, but we package here in the U.K. at THC HQ.

Our Delta 9 Distillate is the best of the best and pesticide free. Please check out our ratings and feedback across the markets.

No battery or charging needed!

MIX N MATCH FLAVOURS ** 100 PENS PER ORDER ** ** Minimum 10 pens per flavour per order**

All Flavours are a mix of our THC Doctor Distillate and our Terpenes, specially designed straight from California and made from pure natural plant extracts.",0,0
THC Cartridge/ Vape Purple Vapor 1G,43,alphajack420,US,US,cannabis,cartridge,"prepackage, comes from legit dispensary. NO BS Fast Discreet shipping!",0,0
Jah Goo Flavored/VAPE,40,alphajack420,US,US,cannabis,cartridge,80%THC 5%CBD Indica Fast Discreet Shipping! Only 1 left,0,0
G13 Flavored VAPE/Cartridge,40,alphajack420,US,US,cannabis,cartridge,80%THC 5%CBD Indica Fast Discreet Shipping! Only 1 left,0,0
Strawberry Cough Flavored,40,alphajack420,US,US,Synthetic cannabinoid,cartridge,80%THC 5%CBD Sativa VAPE/ Cartridge Fast Discreet Shipping! 1left,0,0
Grape Cartridge/VAPE 1G,38,alphajack420,US,US,cannabis,cartridge,Buddies Grape 74.29% THC 2% CBD 1Gram Fast and Discreet Shipping! ONLY 1 Left,0,0
Maui Wowie VAPE THC 0.5g,15,alphajack420,US,US,cannabis,cartridge,Maui Wowie FLAVORED 76.9 %THC/ 0.21 CBD FAST FREE DISCREET SHIPPING!,0,0
5F-MMB-2201,24,fetaisbetter,UK,UK,Synthetic cannabinoid,concentrate,"Synthetic cannabinoid which can be diluted and used to make spice type smoking mix, vape oil, prison paper whateverÄÄ

Red powder.",0,0
*SALE* 100MG / Purple Champagne / Dispensary Grade Shatter,10,treborcannabis,UK,UK,cannabis,concentrate,100MG of the finest BHO/ SHATTER ready to hit straight into your shatter rig / dabbing nail / Vape pen.,0,0
*SALE* 100MG / Purple Champagne / Dispensary Grade Shatter,10,treborcannabis,UK,UK,cannabis,concentrate,100MG of the finest BHO/ SHATTER ready to hit straight into your shatter rig / dabbing nail / Vape pen.,0,0
"1g TKO Extracts Cart, various flavours and 1 x H6 Battery Mod with a 510 thread",50,thcdoctor42,US,worldwide,cannabis,cartridge,"TKO Extracts Carts are available in the following flavours: OG Cookie (hybrid), Skittles (hybrid), Tangie (sativa), Biscotti (indica), Lime OG (indica), Platinum OG (hybrid)

H6 Battery Mod fits for almost all of the vape cartridges in the market. 350mAh grade A chip battery, reliable quality can be guaranteed. Ultra portbale with great handle feeling. Universal USB charging, very convenient. Complete premium vape kit bring you quality vaping. Fastest shipping available.",0,0
"Special Off** 5 x 1g Moonrock Original Vape Tanks, Multi Pack, Various Flavors",200,thcdoctor42,US,worldwide,Synthetic cannabinoid,cartridge,"This SPECIAL OFFER is for a selection of 5, 1g Moonrock Original Vape Tanks. Your choice of 5 tanks with your choice of mix and match flavors.You can choose from the following: Moonrock Clear Cartridge, Bobby Blue Moonrock Clear Cartridge, Lynwood Lemonade Moonrock Clear Cartridge, Razzle Dazzle Moonrock Clear Cartridge, Silverback Clear Moonrock Clear Cartridge, Original

** PLEASE NOTE ** If no details are left in the order notes or message then we will select the 5 for you, so please be sure to let us know what you would like?

Dr. Zodiakês Moonrock Clear OG is a high end THC distillate that tests approximately 90%. The 1 gram cartridge is manufactured with a multi-step method of cannabis purification, infused with all natural terpenes.",0,0
"1 x ** 1g Organic Smart Cart, various flavours and 1 x H6 Battery Mod with a 510 thread *",50,thcdoctor42,US,worldwide,cannabis,cartridge,"This listing is for 1 x 1g Organic Smart Cart and 1 x H6 Battery mod with a 510 thread

Organic Smart Cart are available in the following flavours: Purple Punch (indica), King Louis XIII (indica), Sour Diesel (Hybrid), XXX OG (Indica), Mimosa (hybrid), Skywalker OG (hybrid), Blue Cookies (hybrid)

H6 Battery Mod fits for almost all of the vape cartridges in the market. 350mAh grade A chip battery, reliable quality can be guaranteed. Ultra portbale with great handle feeling. Universal USB charging, very convenient. Complete premium vape kit bring you quality vaping. Fastest shipping available.",0,0
4f-adb Synthetic Cannabinoid 1g,24,fetaisbetter,UK,UK,Synthetic cannabinoid,concentrate,"Replaces 5F-ADB. Synthetic cannabinoid which can be diluted and used to make spice type smoking mix, vape oil, prison paper whateverÄÄ

Slightly yellow powder.",0,0
1g SILVERBACK GORILLA GLUE CARTS,24,exoticpacks,US,US,cannabis,cartridge,"DR.ZODIAKêS SILVERBACK CLEAR. Creative Highway Design. The fake ones, however, may come off with weaker THC and lower vape quality. take time to observe before you buy. we have the original Moonrock clear cart",0,0
"0.5g Brass Knuckles Cart, various flavours and 1 x H6 Battery Mod with a 510 thread **",40,thcdoctor42,US,worldwide,cannabis,cartridge,"This listing is for 1 x 0.5g Brass Knuckles Cart and 1 x H6 Battery mod with a 510 thread

Brass Knuckles Carts are available in the following flavours: Skywalker og (indica), Gg4 (hybrid), Strawberry Cough (indica), Forbidden fruits (hybrid), Gushers (hybrid), Jack Herer (sativa), Napalm (indica), Sour diesel (sativa), Blue dream (sativa), Do so dos (indica), Blueberry (indica), Tahoe OG (indica), Tangie (sativa), Banana (hybrid)

H6 Battery Mod fits for almost all of the vape cartridges in the market. 350mAh grade A chip battery, reliable quality can be guaranteed. Ultra portbale with great handle feeling. Universal USB charging, very convenient. Complete premium vape kit bring you quality vaping. Fastest shipping available.",0,0
Jack Herer Vape Cartridge 500mg,300,mary-jane,US,worldwide,cannabis,cartridge,"Hybrid - Sativa Dominant

Taste: Citrus

Named after renowned cannabis activist and author, Jack Herer is elevating and creativity enhancing. Its stimulating and joyous sativa-sensory dominant effects set the scene for profound aromatics and flavors of citrus.",0,0
Full Gram Dank Vapes Cart,180,vapestore,US,worldwide,cannabis,cartridge,"Top quality Dank vape pen we have –Grape Stomper,Grape Stomper,Gorilla Glue.Hardcore OG.Mars OG.Purple Punch.Sour Diesel.Pineapple Express. Grape Ape.. We do fast and secured delivery to all location, Overnight delivery withing USA, small quantity for sample and provide tracking number.",0,0
THC VAPE/Cartridges (Gorilla Glue) 1G,40,alphajack420,US,US,cannabis,cartridge,Avitas product from legit dispensary. No BS THC:74.1 THC/Container: 74mg THC/Serving: 7.41 CBD 0.0% activation Time 5-10 Sec serving size 2 sec 240 servings per container. Fast Discreet shipping!,0,0
"1 x Trix, 1g Dank Cereal Carts, ** Various Flavours & Strains Available **",50,thcdoctor42,US,worldwide,cannabis,cartridge,"NEW LISTING Brand new to The THC Doctors HQ are these new Dank Cereal Carts These cartridges are pre-filled with our premium C02 oil. They provide a clean, convenient and discreet way to vape. These cartridges are compatible with all 510 batteries. We utilize a full spectrum technique to ensure we capture all the natural cannabinoids and terpenes in each strain to pull out the unique characteristics of the strain. We never use any additives, cutting agents, flavorings or colorings.

With loads of flavours and strains to pick from, it is just like trying to choose your favourite cereal when you and the other half stand in Tescos arguing over who wants what sugary morning treat. Only these will make your morning routine FAR more fun!!
TRIX (zittlez)

Combining the sweet fruity smell of Colombian Gold with the fuel scents of Chemdawg makes Trix a delicious smoke. Finishing in 10 weeks and producing massive yields, Trix is sure to be a sativa growerês dream. Users can expect an electric, motivating high from this strain. Buy Trix Full 1g Cereal Cart Vape Cartridge from The THC Doctor today!",0,0
"1 x Cinnamon Toast Crunch, 1g Dank Cereal Carts, ** Various Flavours & Strains Available **",50,thcdoctor42,US,worldwide,cannabis,cartridge,"NEW LISTING Brand new to The THC Doctors HQ are these new Dank Cereal Carts These cartridges are pre-filled with our premium C02 oil. They provide a clean, convenient and discreet way to vape. These cartridges are compatible with all 510 batteries. We utilize a full spectrum technique to ensure we capture all the natural cannabinoids and terpenes in each strain to pull out the unique characteristics of the strain. We never use any additives, cutting agents, flavorings or colorings.

With loads of flavours and strains to pick from, it is just like trying to choose your favourite cereal when you and the other half stand in Tescos arguing over who wants what sugary morning treat. Only these will make your morning routine FAR more fun!!

Cinnamon Toast Crunch (lemon haze/ do-si-do mix)

The Vision is a hybrid strain, It combines genetics from the classic Lemon Haze, famous for her strong lemon peel flavor, and the resinous Do-Si-Dos. This strain was created as a testament to the vision of a brighter future through the propagation and cultivation of quality cannabis. Buy Cinnamon Toast Crunch Full 1g Cereal Cart Vape Cartridge from The THC Doctor today!",0,0
1g VENOM Vape Carts GorillaGlue#4 82%THC,29,9rin9o,US,US,cannabis,vape pen,"TOP SHELF HIGH POTENCY THC EXTRACT. NO FAKES HERE. PHARMACY-GRADE QUALITY.

ã> PLEASE DONêT WRITE A BAD REVIEW BEFORE GIVING ME A CHANCE TO RESOLVE THE ISSUE. PACKAGE LOST? SEIZED? NEVER RECEIVED? - I WILL RESHIP FOR FREE OR WILL GIVE YOU A FULL REFUND AS LONG AS THE ADDRESS WAS VALID AND CORRECT, JUST PLEASE LET ME KNOW THE SITUATION.

Please take a look at the last cart you will ever want. This here is HONEST lab-tested 82% THC. Metal and glass cartridge with ceramic tip and heating coil. 4 volt max, standard 510 thread.

Premium packaging, perfect stealth and prompt free priority shipping is what you get with every order along with fast and consistent communication. Apologies, but as of right now there is no international shipping. Need bulk? - Hit me up. Each cart comes in a display-ready packaging, ready for retail sale.

At this moment only GorillaGlue#4 strain is available, but more will come soon. Loyal customer discounts are in the works as well.

Please read the store –About” for more info on our distillate as well as our reviews.

BUYER BEWARE!! PLEASE EDUCATE YOURSELF BEFORE YOU BUY!

Most of the brand-name carts you see on DNMs are FAKE. This includes STIIIZY, BRASS KNUCKLES, DANK VAPES, MARIO CARTS, SUPREME, KING PEN, HEAVY HITTERS, SPACE VAPE, TKO, COOKIES. When you smoke FAKES you inhale pesticides, low-grade cutting agents, possibly toxic metals (especially from low-grade metal heating coil) and the oil is always lower potency than advertised. AVOID FAKES IF YOU CARE ABOUT YOUR HEALTH. More on that here (clearnet link!): https://internationalhighlife.com/counterfeit-vape-cartridges/ I encourage you to search the web for –fake oil cartridges” and read more about the dangers of smoking low-grade shit.

98% THC SOLD ON DNM IS A SCAM. The production cost of 98% THC oil makes it worth more than its weight in gold and requires proprietary technology, here is an article about that (clearnet link!): vice.com/en_us/article/mg7xmp/weed-oil-lab",6,4.43
1g VENOM Vape Carts GorillaGlue#4 82%THC,29,9rin9o,US,US,cannabis,vape pen,"TOP SHELF HIGH POTENCY THC EXTRACT. NO FAKES HERE. PHARMACY-GRADE QUALITY.

ã> PLEASE DONêT WRITE A BAD REVIEW BEFORE GIVING ME A CHANCE TO RESOLVE THE ISSUE. PACKAGE LOST? SEIZED? NEVER RECEIVED? - I WILL RESHIP FOR FREE OR WILL GIVE YOU A FULL REFUND AS LONG AS THE ADDRESS WAS VALID AND CORRECT, JUST PLEASE LET ME KNOW THE SITUATION.

Please take a look at the last cart you will ever want. This here is HONEST lab-tested 82% THC. Metal and glass cartridge with ceramic tip and heating coil. 4 volt max, standard 510 thread.

Premium packaging, perfect stealth and prompt free priority shipping is what you get with every order along with fast and consistent communication. Apologies, but as of right now there is no international shipping. Need bulk? - Hit me up. Each cart comes in a display-ready packaging, ready for retail sale.

At this moment only GorillaGlue#4 strain is available, but more will come soon. Loyal customer discounts are in the works as well.

Please read the store –About” for more info on our distillate as well as our reviews.

BUYER BEWARE!! PLEASE EDUCATE YOURSELF BEFORE YOU BUY!

Most of the brand-name carts you see on DNMs are FAKE. This includes STIIIZY, BRASS KNUCKLES, DANK VAPES, MARIO CARTS, SUPREME, KING PEN, HEAVY HITTERS, SPACE VAPE, TKO, COOKIES. When you smoke FAKES you inhale pesticides, low-grade cutting agents, possibly toxic metals (especially from low-grade metal heating coil) and the oil is always lower potency than advertised. AVOID FAKES IF YOU CARE ABOUT YOUR HEALTH. More on that here (clearnet link!): https://internationalhighlife.com/counterfeit-vape-cartridges/ I encourage you to search the web for –fake oil cartridges” and read more about the dangers of smoking low-grade shit.

98% THC SOLD ON DNM IS A SCAM. The production cost of 98% THC oil makes it worth more than its weight in gold and requires proprietary technology, here is an article about that (clearnet link!): vice.com/en_us/article/mg7xmp/weed-oil-lab",9,5
DISCREET VAPING Evolab Chroma Colors PiK YoUR FLavor Cart 500mg THC,39,marytane,US,US,cannabis,cartridge,"Get your vape on with this universal 510 tank THC DISTILLATE + FRUITY TERPS 500mg, I also have 1000mg carts ADD A BATTERY FOR $15

CHOOSE FROM (all are 50?50 hybrids of cannabis distillate): _purple haze _blueberry _sweet melon _strawberry lemonade _grape dreamz",2,5
1.1g Vape Cart CCell DANK Authentic 92.5% THC Best DN Deal!,200,vapestore,US,worldwide,cannabis,cartridge,"This is the best cart on the markets right now. Offering the following flavors in a 1.1g CCell cart in the original box:

Pineapple Express Grape Ape Sour Apple King Louie OG Watermelon Sunset Sherbert

Include flavor requests in the shipping info box. Please encrypt all sensitive data (name and address!)",0,0
Promo Pack - 10g of RESTS of Weed - 33euro shipping,37,flordevida,Spain,worldwide,cannabis,other,"Please read our conditions and politics carefully before buying.

This promo pack is about Rests of weed we have left from the bottom of the Jars, also when we manicured the weed. There you will find leaves, and small buds too.

This is best to use for extractions, oil, hash, tea, butter, vape and smoke too, as you can find buds there too.",0,0
"1 x Honey Nut Cheerios, 1g Dank Cereal Carts, ** Various Flavours & Strains Available",40,thcdoctor42,US,worldwide,cannabis,cartridge,"NEW LISTING Brand new to The THC Doctors HQ are these new Dank Cereal Carts These cartridges are pre-filled with our premium C02 oil. They provide a clean, convenient and discreet way to vape. These cartridges are compatible with all 510 batteries. We utilize a full spectrum technique to ensure we capture all the natural cannabinoids and terpenes in each strain to pull out the unique characteristics of the strain. We never use any additives, cutting agents, flavorings or colorings.

With loads of flavours and strains to pick from, it is just like trying to choose your favourite cereal when you and the other half stand in Tescos arguing over who wants what sugary morning treat. Only these will make your morning routine FAR more fun!!
Honey Nut Cheerios (bubba kush/ candy jack)

An 80% indica by Honey Boo Boo is a limited edition strain that crosses a Bubba Kush mother with a Candy Jack OG male. With a sweet flavor that in part lends this strain her name, Honey Boo Boo deals a heavy-handed blast of euphoria that melts throughout the body. Her dense buds finish flowering and her maturation is often marked by darkened purple leaf tips. Buy Honey Nut Cheerios Full 1g Cereal Cart Vape Cartridge from The THC Doctor today!",0,0
"1000mg THC Vape Cart 510 Universal, tangie haze, lifesaver, hash plant x g13, super lemon haze, green crack, or bubba kush",49,marytane,US,US,cannabis,cartridge,"oversized, refillable, cartridges! these are pro made by craft add battery for $15

&? ? ?specify strain with shipping info ? ?STRAINS? ?tangie haze, lifesaver, hash plant x g13, super lemon haze, green crack, or bubba kush? ?STRAINS? ?",0,0
Promo Pack - 25g of RESTS of Weed - 75 shipping included,82,flordevida,Spain,US,cannabis,other,"Please read our conditions and politics carefully before buying.

This promo pack is about Rests of weed we have left from the bottom of the Jars, also when we manicured the weed. There you will find leaves, and small buds too.

This is best to use for extractions, oil, hash, tea, butter, vape and smoke too, as you can find buds there too.",1,4
"1 x Capn Crunch, 1g Dank Cereal Carts, ** Various Flavours & Strains Available",40,thcdoctor42,US,worldwide,cannabis,cartridge,"NEW LISTING Brand new to The THC Doctors HQ are these new Dank Cereal Carts These cartridges are pre-filled with our premium C02 oil. They provide a clean, convenient and discreet way to vape. These cartridges are compatible with all 510 batteries. We utilize a full spectrum technique to ensure we capture all the natural cannabinoids and terpenes in each strain to pull out the unique characteristics of the strain. We never use any additives, cutting agents, flavorings or colorings.

With loads of flavours and strains to pick from, it is just like trying to choose your favourite cereal when you and the other half stand in Tescos arguing over who wants what sugary morning treat. Only these will make your morning routine FAR more fun!!
CAPN CRUNCH

Captain Crunch offers a sensational high. The strain in an indica dominant hybrid. The buds are quite frosty with tiny hairs seeping through their surface. The reason why it is called Captain Crunch is because it actually does smell like the cereal itself but with pine undertones. The taste is just about the same and is quite sweet at the same time. The strain offers an amazing body buzz and it will calm your senses in no time. Moreover, it is the perfect strain to medicate with if you are unable to relax. In a matter of minutes, you will feel the high set in and take control of your body and mind. Buy Capn Crunch Full 1g Cereal Cart Vape Cartridge from The THC Doctor today!",0,0
Promo Pack - 50g of RESTS of Weed -135 shipping included,148,flordevida,Spain,US,cannabis,other,"Promo Pack - 50g of RESTS of Weed -135— shipping included

Please read our conditions and politics carefully before buying.

This promo pack is about Rests of weed we have left from the bottom of the Jars, also when we manicured the weed. There you will find leaves, and small buds too.

This is best to use for extractions, oil, hash, tea, butter, vape and smoke too, as you can find buds there too.",1,5
"Dr Zodiak's Moonrock Clear 1g Cart + 1 Moonrock Battery, Various Options",50,thcdoctor42,US,worldwide,Synthetic cannabinoid,cartridge,"This listing is for a choice of 1 Moonrock Clear 1g vape cart and 1 Moonrock battery to use with it.

Cart options Choose from Lemon Original, Razzle Dazzle, Booby Blueês, Silverback OG or Lynwood Lemonade.

The batteries come is a choice of colours, Dark Blue, Green, Hot Pink, Light Blue, Purple, Red, Yellow",0,0
CHANGA (dmt/ harmaline 1:1) with track!,65,boomshankar,Mexico,Mexico,DMT,other,"HYPERSPACE TICKET. if u r looking for a nice way to try DMT, changa is the way, the blend of the finest herbs, with the extraction of harmaline that makes it easier to the dmt to get into your body, makes the full trip a spiritual experience. also u can smoke it any way u desire! no issues of crack pipe, or a vape or anything, as weed! also sprinkle it on your joint and enjoy the bliss!

made of 50%(500 mg in a gram of changa) white dmt, Psychotria viridis,Banisteriopsis caapi,Damiana californiana,wild dagga and harmaline. lots of love.",0,0
DANK VAPES,20,caligconnect,US,worldwide,cannabis,cartridge,DANK VAPE CARTRIDGES AVAILABLE WITH SEVERAL STRAINS _ Fruity Pebbles _ Apple Jacks _ Blackberry Kush _ Sour Diesel _ Mimosa _ Blue Dream _ Candy Land _ Diamond OG _ Chem dawg _ Banana OG _ Straw Apple _ Strawnana _ ATF _ Diablo OG _ Grape Ape _ Orange Diaqutri _ Gorilla Glue _ Mango Kush _ Jet Fuel OG _ Lemon Head _ King Louie _ Cherry Kush _ White Widow _ Skittles _ Key Lime Pie _ Mars OG _ Pineapple Express _ Hardcore OG _ Strawberry ~~~~~ _ Grape Stomper _ Lemon Slushie _ Purple Punch _ Lemon Berry _ White Rhino _ Gelato _ Wedding Cake _ Strawberry Shortcake,0,0
"1 x **BRAND NEW** Exotic Vape Carts, 4 New Flavours available. 100% SAFE CARTS",50,thcdoctor42,US,worldwide,cannabis,cartridge,"** BRAND NEW **

New to the ever-growing THC HQ are theses Exotic Vape Carts, these carts pack full on fruity flavours as well as thumping THC punch! Using a similar 510 thread carts to those at Mario Carts, we are pleased to offer these new carts in 4 flavours. Please note that not all flavours shown in image are currently in stock!

New Flavours include:

Sunset Sherbet (Hybrid) Wedding Cake (Indica) Skittles (Sativa) Purple Haze (Sativa)

PLEASE INCLUDE WHICH FLAVOUR YOU REQUIRE IN THE ORDER NOTES

Wedding cake

Wedding Cake, also known as Pink Cookies, is the familial genetic cross of Girl Scout Cookies and Cherry Pie. This delectable treat is rich with tangy sweet earth and pepper.

Sunset Sherbet

Heir to the GSC throne is Sherbert, also known as Sherbet and/or Sunset Sherbert, an indica-leaning hybrid with intoxicatingly potent effects. Crossed with an indica known as Pink Panties, Sherbert exhibits powerful full-body effects elevated by a jolt of cerebral energy.

Zkittlez

Zkittlez is an sativa-dominant mix of Grape Ape and Grapefruit that is crossed with another undisclosed strain to produce this candy-flavored cannabis. The chunky colas explode in a spectrum of light green hues and emit a sweet, tropical blend of fruit flavors.

These 1g cartridges are made from approx 90% plus Callifornian imported tetrahydrocannabinol (THC) Dewinterised triple distilled Distillate. This is the best of the best and can not be refined anymore (Trust me we have tried!)

We source our RAW product from a licensed lab in California, who work closely with independent, artisan growers. We add NO Vitamin D oil, MCT oil or pesticides or any other substances to our THC apart from 12% plant derived organic terpenes (which we also sell on the site). This is a natural plant based substance that will give each THC cart its flavor and smell

So that is a 88% THC to 12% Organic Terpense mix, that is it!! Our carts are 100% SAFE!!",0,0
BRAND NEW ** 1g Brass Knuckles THC Vape Carts,80,thcdoctor42,US,worldwide,cannabis,cartridge,"** BRAND NEW **

Here at THC HQ we have just taken stock of these brand new full 1g Brass Knuckles Carts, exactly the same flavours and high end carts as the regular 0.5g Brass carts, but now in the full 1g size. We have had many requests for these and are now pleased to introduce these to the Docês surgery!

Brass Knuckles OG cartridges provide you with 1g of super premium concentrate for the ultimate flavor experience at hand, with carts that connect with to 510 thread batteries and are made with superior Quartz.

Skywalker og (indica) GG4 (hybrid) Strawberry Cough Forbidden Fruits (hybrid) Gushers (hybrid) Jack Herer (sativa) Napalm (indica) Sour Diesel (sativa) Blue Dream (sativa) Do so dos (indica) Blueberry (indica) Tahoe OG (indica) Tangie (sativa) Banana (hybrid)",0,0
Topshelf Shatter - Oven Purged - UK CSCSHOP SOURCE,71,quicklickvendor,UK,worldwide,cannabis,concentrate,"We have on offer top shelf shatter made from Cali import flower, procured from a local CSC dispensary. Extracted here in the UK. This was done by a well known professional and is lovely to see the UK game coming on so strong.

Initially we werenêt going to stock UK extract but the game has really picked up and its clean and medicinal. So we decided to represent!

This product is great for making vape liquid, dabbing and making edibles. Really clean and top end flavor, packed with terpenes! It would actually be a shame not to smoke these bits!

The strain/s available on offer today:

1 . Lemon Tree - Extracted from Cali import flower 2. Tahoe OG - Extracted from Cali import flower 3. Wedding cake - Extracted from top end UK flower 4. Girl Scout cookies - Extracted from Cali import flower

Let me know which strain youêd like in the address field upon ordering. If no selection is made, one will be made at random. They are all top shelf.",0,0
"THC Vape 87% Pure, **VARIOUS NEW FLAVOURS NOW AVAILABLE**",200,thcdoctor42,US,worldwide,cannabis,cartridge,"These 1g Mario Cart cartridges are made from 97?lifornian import tetrahydrocannabinol (THC) Dewinterised triple distilled Distillate. This is the best of the best and can not be refined anymore (Trust me we have tried!) We add 8% authentic Canabis terpenes and 2% solution to this in order to draw it through the tank.

** Currently available in a selection of flavours: Lemon Sherblato (hybrid), Mai Thai (sativa), Biscotti (indica), Grape Topanga (sartiva), Billy Kimber (indica), White buffalo (sartiva)**

Renowned for fire grams and oil cartridges that are known for flavour and potency, Mario Cart are one of the industry leader in Super Premium cannabis oil products. Their aim is to speak to true concentrate connoisseurs by mastering the art of extraction, exclusively using top-shelf cannabis strains.

All of carts are lab tested to ensure delivery of the highest-quality products to patients. Mario Carts cartridges provide you with 1g of super premium concentrate for the ultimate flavour experience at hand. Our carts connect with 510 thread batteries and are made with superior Quartz.",0,0
"Mario Carts, THC Vape 87% Pure, **VARIOUS NEW FLAVOURS NOW AVAILABLE**",1400,thcdoctor42,US,worldwide,cannabis,cartridge,"These 1g Mario Cart cartridges are made from 97% Californian import tetrahydrocannabinol (THC) Dewinterised triple distilled Distillate. This is the best of the best and can not be refined anymore (Trust me we have tried!) We add 8% authentic Canabis terpenes and 2% solution to this in order to draw it through the tank.

** Currently available in a selection of flavours: Lemon Sherblato (hybrid), Mai Thai (sativa), Biscotti (indica), Grape Topanga (sartiva), Billy Kimber (indica), White buffalo (sartiva)**

Renowned for fire grams and oil cartridges that are known for flavour and potency, Mario Cart are one of the industry leader in Super Premium cannabis oil products. Their aim is to speak to true concentrate connoisseurs by mastering the art of extraction, exclusively using top-shelf cannabis strains. All of carts are lab tested to ensure delivery of the highest-quality products to patients. Mario Carts cartridges provide you with 1g of super premium concentrate for the ultimate flavour experience at hand. Our carts connect with 510 thread batteries and are made with superior Quartz.",0,0
Rove Tank 87% THC Grape/ Lemon/ Tangerine flavours available,150,thcdoctor42,US,worldwide,cannabis,cartridge,"Our products are made using 100% organically grown cannabis, sourced directly from trusted farms in our collective network. Using sub-critical liquid carbon dioxide, we extract a fine quality oil and refine it using only heat and pressure. The golden finished product is mixed with cannabis terpenes, natural terpenes, and fruit extracts for a truly special vaping experience.

Flavors & Effect

All Rove cannabis oils pass through a solvent-less purification system which gives rise to their clean, crisp flavors. Because their oils are so thick, it can be difficult to get full hits. But, if you preheat the oil, you should be able to get satisfyingly smooth, dense clouds. These carts work best with a push-button vape battery. Hold down the button for a few seconds before taking a draw.

Rove Carts are available in: Grape Ape (indica), Maui, lemon (sativa), Tangie (sativa), Skywalker (indica)

If your order is lost in transit, seized or has any delivery problem we will refund or try a reship to an alternative address.",0,0
"Heavy Hitters, 1g Cart, NEW PRODUCT, **Various Flavours Available**",200,thcdoctor42,US,worldwide,cannabis,cartridge,"NEW LISTING HEAVY HITTERS

New to The Docês THC HQ are these Heavy Hitters 1g carts.

Heavy Hitters is the ideal vape cartridge that gives smokers the best-tasting and most enjoyable high, with the delicate blend of terpenes and THC profile. The carts boast True Ceramic heating elements with Cold-Filtered distillate for a clean taste and potency. True Ceramic is a cartridge technology that yields none of the harmful wick components of standard cartridges, instead relying on a quality ceramic throughout the heating element to ensure no harmful byproducts, and an even dose. Heavy Hittersê use proprietary Cold Filtering technology that purifies the oil beyond standard distillation, resulting in a consistent, ultra-potent cannabis oil and an all round better vaping experience.

Heavy Hitters are available in a selection of flavours and strains, currently in stock we have: GORRILLA GLUE (indica), COOKIES AND CREAM (indica), SOUR DIESEL (sativa), PINEAPPLE EXPRESS (indica), BLUE DREAM (sativa)

If no flavor is selected and added to the order notes a random selection will be made by us and sent, to avoid any further delay. Please let us know any order specifics at time of order.",0,0
"Boo Berry, 1g Dank Cereal Carts, ** Various Flavours & Strains Available **",50,thcdoctor42,US,worldwide,cannabis,cartridge,"NEW LISTING** Brand new to The THC Doctors HQ are these new Dank Cereal Carts These cartridges are pre-filled with our premium C02 oil. They provide a clean, convenient and discreet way to vape. These cartridges are compatible with all 510 batteries. We utilize a full spectrum technique to ensure we capture all the natural cannabinoids and terpenes in each strain to pull out the unique characteristics of the strain. We never use any additives, cutting agents, flavorings or colorings.

With loads of flavours and strains to pick from, it is just like trying to choose your favourite cereal when you and the other half stand in Tescos arguing over who wants what sugary morning treat. Only these will make your morning routine FAR more fun!!
Boo Berry (blueberry Kush/ Afghan kush)

This incredible flavor, is a cross between Blueberry and Afghani cannabis extracts. Boo Berry is an Indica dominant hybrid. More to this, It taste like syrupy berries, while the aroma is more skunky earth, and pungent with a fragrant floral presence. It gives, a sedating relaxation and a slightly euphoric buzz and lasts a long time. Further, its high will draw you into a happy lift minus the anxious energy. Your body will sleep deeper into a calm, which can cause sedation and sleepiness. Specifically, This strain is advisory for people with stress and non-relaxation.",0,0
"1 x Boo Berry, 1g Dank Cereal Carts, ** Various Flavours & Strains Available *",50,thcdoctor42,US,worldwide,cannabis,cartridge,"NEW LISTING Brand new to The THC Doctors HQ are these new Dank Cereal Carts These cartridges are pre-filled with our premium C02 oil. They provide a clean, convenient and discreet way to vape. These cartridges are compatible with all 510 batteries. We utilize a full spectrum technique to ensure we capture all the natural cannabinoids and terpenes in each strain to pull out the unique characteristics of the strain. We never use any additives, cutting agents, flavorings or colorings.

With loads of flavours and strains to pick from, it is just like trying to choose your favourite cereal when you and the other half stand in Tescos arguing over who wants what sugary morning treat. Only these will make your morning routine FAR more fun!!
Boo Berry (blueberry Kush/ Afghan kush)

This incredible flavor, is a cross between Blueberry and Afghani cannabis extracts. Boo Berry is an Indica dominant hybrid. More to this, It taste like syrupy berries, while the aroma is more skunky earth, and pungent with a fragrant floral presence. It gives, a sedating relaxation and a slightly euphoric buzz and lasts a long time. Further, its high will draw you into a happy lift minus the anxious energy. Your body will sleep deeper into a calm, which can cause sedation and sleepiness. Specifically, This strain is advisory for people with stress and non-relaxation.",0,0
"90% Pure, 1g Dr Zodiaks Moonrock Clear Tank, Lemon Haze flavor",200,thcdoctor42,US,worldwide,cannabis,cartridge,"Dr. Zodiakês Moonrock Clear is a high end distillate that tests approximately 90%.

It is manufactured with a multi-step method of cannabis purification, infused with all natural terpenes. Whether you dabble in waxy concentrates, identify as a flower fanatic, or you fall somewhere in between, itês practically impossible to go wrong with Dr. Zodiakês Moonrock. Made with smokers of all levels in mind, Moonrocksê potency will get a seasoned smoker to the moon while easing in marijuana novices with unique flavor profiles derived from a mouthwatering mix of top shelf flowers, clear distillate, kief, and great-tasting all natural terpenes. And for those on the go, the good doctor has created Moonrock Clear, a brand of vape pens and cartridges that mix the great taste and potency of Moonrocks with peak portability. Now you can go to the moon any time, anywhere. In addition to the Moonrock line, Dr. Zodiak also offers some of the tastiest edibles around, including scrumptious cereal bars, brownies, and more. And for those who would rather wet their whistle, Dr. Zodiakês new Moonwalk syrup packs a 1,000 MG punch and is available in tantalizing Lemon Haze flavors. Since its launch back in 2013, the Dr. Zodiakês Moonrock brand has been at the cross-section of art and culture, with countless hip-hop heavy-hitters showing the company love, including Snoop Dogg, Cardi B, Travis Scott, Kodak Black, Rae Sremmurd, 2 Chainz, Lil Wayne, 21 Savage, and XXX Tentacion just to name a few. Clearly, the community was picking up what the good doctor was putting down.Today, the Dr. Zodiak brand continues to push the envelope by finding groundbreaking new ways to help patients medicate and find on-demand relief. Above all, the Dr. Zodiakês Moonrocks brand continues forging partnerships with artists and celebrities, ensuring that art, culture and creativity remain at the forefront of everything the company does.",0,0
**MIX-N-MATCH** KINGPENS / BRASS KNUCKLES / MARIO CARTS / DANK VAPES 1G CARTS **SPECIAL**,27,FUNKYFARMS,US,worldwide,cannabis,multiple,"GRAND OPENING SPECIAL

Mix-n-match between the available options; please let us know your preferences when making the order and we will do our best to accomodate. High quality THC distillate cartridges, sourced straight from the manufacturer.
Mario Carts

Animal Cookies, Gushers, Fire OG, Gelato, Gorilla Glue, Durban Poison, Ghost OG, Strawberry Pie, and Wedding Cake.
Dank Vapes

Orange Chai, Northern Lights, Cherry Pie, Green Crack, Grape Stomper, Gorilla Glue, Hardcore OG, Mars OG, Purple Punch, Sour Diesel, Pineapple Express, Grape Ape, Skittles, Jet Fuel OG, Cherry Kush, Black Berry Kush, Jack Herer, Fruity Pepples, Gelato, Apple Jacks, Chem Dawg, Lemon Head, Lemon Slush, Blue Dream, GDP ( Grand Daddy Purple), Candy Land, Girl Scout Cookies (GSC), Lemon Berry, Banana OG, Durban Poison, Strawberry Cough, Wedding Cake
Brass Knuckles

Blue Dream, Jack H, Maui, Sour Apple, Sour Diesel, Strawberry Cough, Tangie, Blueberry. Do-Si-Dos, Grape God, SFV OG, Skywalker OG, Tahoe OG, Banana OG, Frobidden Fruit, Gelato, GG4, GSC
Kingpen

Kingpen oil is made their own state-of-the-art manufacturing lab. It is distilled 5 times producing a high quality product that passes strict qualitative and quantitative tests. No PG, VG, PEG or other additives. Just the highest quality vape cartridges for the highest quality high. Their hardware maintains some of the lowest failure rates in the industry and our cartridges are engineered for smooth and consistent airflow.

Indicas: * King Louis OG * Purple Punch Hybrids; * Trainwreck * Banana Sherbert * Jilly Bean * 3 Kings Sativas: * Super Lemon Haze * Sour Diesel

****Please inquire about our new vendor special ****When ordering, please request indica/hybrid/sativa and flavor preference at the time of ordering. We will do our best to fulfill requests depending on stock. We can accomodate indica vs sativa vs hybrid requests always; the flavors may vary.",0,0
"BRAND NEW** 5g 99% potency THC Diamonds, Super Strong, Various flavours Availalble",200,thcdoctor42,US,worldwide,cannabis,concentrate,"We are very pleased to announce these new 99% potency THC Diamonds. Through our strong Californian distribution links we can now offer you lucky lot these BRAND NEW, SUPER STRONG, Cannabis Diamond to the THC Doctors Shop. Diamonds are made by using a series of chemical reactions to refine them. The exact process is kept a secret to the public, because theyêre trade secrets of manufacturers, this extraction is a guarded art form in the Cannabis world, not too dissimilar from when JC turned Water into Wine!

Meet cannabis diamonds, the most dazzling and potent concentrate in town. Cannabis diamonds are crystalline versions of isolated THCA. These bad boys are also SUPER potent, typically containing 99% THC.

Referred to as –the worldês strongest hash”, this crystalized extract is regarded as the most potent dab on the market. Refined by a series of chemical reactions all thatês left of the plant are pure isolates ã clear, compact little nuggets of THC-A which convert to THC when vaped or combusted. This means you will not get a psychoactive high from eating it in its raw form. At 99 to 100 percent potency diamonds are cannabis most potent form. Most flowers top out at about 25 percent THC. Concentrates are usually in the 70 to 90 percent range, so imagine smoking something at almost 100 percent.

Because of its sheer potency, the best way to make use of these crystalline concentrates is to mix them with other less potent cannabis flowers, treating it as a mixer, instead of smoking it pure. Itês also pure THCA, not THC, which means that you wonêt get high unless itês combusted or vaped, unlike many other concentrates in the market. The THCA content in cannabis diamonds is tetrahydrocannabinolic acid, the non-psychoactive precursor of THC. Only heat and combustion can speed up the process to turn it into THC (the same reason why you have to decarboxylate your cannabis before using it in edibles) Cannabis diamonds can also be dabbed, but because of its potency, it isnêt suitable for the lightweight and the wet blankets out there.

Crystalline or cannabis diamonds are versatile but if you want to experience new highs, smoking or dabbing it will take you to places you never thought possible! The only downside to cannabis diamonds is that making them is much more complicated than other kinds of concentrates, so only a few manufacturers have been able to successfully replicate it. So if you happen to come across these gems, itês definitely worth every penny.

Our next level diamonds come mixed in a terps flavoured sauce, all ready for you to vape",0,0
